sep=;
Run time (s);Round;Exception;deadline;Agreement;Discounted;#agreeing;min.util.;max.util.;Dist. to Pareto;Dist. to Nash;Social Welfare;Agent 1;Agent 2;Agent 3;Agent 4;Utility 1;Utility 2;Utility 3;Utility 4;Disc. Util. 1;Disc. Util. 2;Disc. Util. 3;Disc. Util. 4;Perceived. Util. 1;Perceived. Util. 2;Perceived. Util. 3;Perceived. Util. 4;User Bother 1;User Bother 2;User Bother 3;User Bother 4;User Util. 1;User Util. 2;User Util. 3;User Util. 4;Profile 1;Profile 2;Profile 3;Profile 4
0.487;54;;60rounds;Yes;No;4;0.41285;0.94634;0.00000;0.54457;2.86686;BoulwareNegotiationParty@216;ConcederNegotiationParty@217;Agent33@218;Agent17@219;0.6263063033614111;0.41285108119960323;0.8813689715985542;0.9463356053150913;0.6263063033614111;0.41285108119960323;0.8813689715985542;0.9463356053150913;0.6022733964014393;0.25671351810155624;0.7240800137038769;0.26418111514589854;0.0;0.0;0.0;0.0;0.6263063033614111;0.41285108119960323;0.8813689715985542;0.9463356053150913;party1_utility.xml;party2_utility.xml;party4_utility.xml;party3_utility.xml
0.539;56;;60rounds;Yes;No;4;0.39698;0.93125;0.10624;0.63633;2.55325;ConcederNegotiationParty@220;BoulwareNegotiationParty@221;Agent33@222;Agent17@223;0.43952125907534356;0.3969761590675168;0.7854993836826192;0.9312506709995002;0.43952125907534356;0.3969761590675168;0.7854993836826192;0.9312506709995002;0.22108430506470986;0.5382229577768508;0.755254628688912;0.3439161182852515;0.0;0.0;0.0;0.0;0.43952125907534356;0.3969761590675168;0.7854993836826192;0.9312506709995002;party1_utility.xml;party2_utility.xml;party4_utility.xml;party3_utility.xml
